GOTOES_CSV,timestamp,position_lat,position_long,altitude,heart_rate,cadence,distance,speed,power,compressed_speed_distance,grade,resistance,time_from_course,cycle_length,temperature,,,,speed_1s,cycles,total_cycles,,,,,,,,,compressed_accumulated_power,accumulated_power,left_right_balance,gps_accuracy,vertical_speed,calories,,,,,,vertical_oscillation,stance_time_percent,stance_time,activity_type,left_torque_effectiveness,right_torque_effectiveness,left_pedal_smoothness,right_pedal_smoothness,combined_pedal_smoothness,time128,stroke_type,zone,ball_speed,cadence256,fractional_cadence,total_hemoglobin_conc,total_hemoglobin_conc_min,total_hemoglobin_conc_max,saturated_hemoglobin_percent,saturated_hemoglobin_percent_min,saturated_hemoglobin_percent_max,,unknown61,device_index,,,,unknown66,left_pco,right_pco,left_power_phase,left_power_phase_peak,right_power_phase,right_power_phase_peak,enhanced_speed,,,,,enhanced_altitude,,,battery_soc,motor_power,vertical_ratio,stance_time_balance,step_length,,,,,,absolute_pressure,depth,next_stop_depth,next_stop_time,time_to_surface,ndl_time,cns_load,n2_load,,,,,,,,,,,,,,,,grit,flow,,ebike_travel_range,ebike_battery_level,ebike_assist_mode,ebike_assist_level_percent
,2025-05-11T13:00:02,38.5396637,-121.7990526,,139,,0.00,,65535,,,,,,29,,,,,,,,,,,,,,,,,,,,,,,,,,,,,,,,,,,,,,,,,,,,,,,,,,,,,,,,,,,,8.363,,,,,18.4,,,,,,,,,,,,,,,,,,,,,,,,,,,,,,,,,,,,,,,,,,,
,2025-05-11T13:00:03,38.5396651,-121.7990284,,139,,2.36,,0,,,,,,29,,,,,,,,,,,,,,,,,,,,,,,,,,,,,,,,,,,,,,,,,,,,,,,,,,,,,,,,,,,,8.431,,,,,18.4,,,,,,,,,,,,,,,,,,,,,,,,,,,,,,,,,,,,,,,,,,,
,2025-05-11T13:00:04,38.5396650,-121.7989979,,139,,4.88,,0,,,,,,29,,,,,,,,,,,,,,,,,,,,,,,,,,,,,,,,,,,,,,,,,,,,,,,,,,,,,,,,,,,,9.036,,,,,18.4,,,,,,,,,,,,,,,,,,,,,,,,,,,,,,,,,,,,,,,,,,,
,2025-05-11T13:00:05,38.5396638,-121.7989488,,140,,7.36,,0,,,,,,29,,,,,,,,,,,,,,,,,,,,,,,,,,,,,,,,,,,,,,,,,,,,,,,,,,,,,,,,,,,,9.036,,,,,18.4,,,,,,,,,,,,,,,,,,,,,,,,,,,,,,,,,,,,,,,,,,,
,2025-05-11T13:00:06,38.5396622,-121.7988927,,140,53,9.87,,383,,,,,,29,,,,,,,,,,,,,,,,383,187,,,,,,,,,,,,,255,255,255,255,,,,,,,0.00,,,,,,,,,,,,,,,,,,,,9.036,,,,,18.4,,,,,,,,,,,,,,,,,,,,,,,,,,,,,,,,,,,,,,,,,,,
,2025-05-11T13:00:07,38.5396593,-121.7988252,,142,63,15.52,,360,,,,,,29,,,,,,,,,,,,,,,,743,173,,,,,,,,,,,,,0.0,0.0,27.0,29.0,,,,,,,0.00,,,,,,,,,,,,,,,,,,,,20.322,,,,,18.4,,,,,,,,,,,,,,,,,,,,,,,,,,,,,,,,,,,,,,,,,,,
,2025-05-11T13:00:08,38.5396582,-121.7987490,,143,71,21.90,,352,,,,,,29,,,,,,,,,,,,,,,,1095,176,,,,,,,,,,,,,0.0,0.0,30.0,31.0,,,,,,,0.00,,,,,,,,,,,,,,,,,,,,22.975,,,,,18.2,,,,,,,,,,,,,,,,,,,,,,,,,,,,,,,,,,,,,,,,,,,
,2025-05-11T13:00:09,38.5396576,-121.7986701,,144,73,28.80,,309,,,,,,29,,,,,,,,,,,,,,,,1404,177,,,,,,,,,,,,,0.0,0.0,30.0,31.0,,,,,,,0.00,,,,,,,,,,,,,,,,,,,,24.858,,,,,18.2,,,,,,,,,,,,,,,,,,,,,,,,,,,,,,,,,,,,,,,,,,,
,2025-05-11T13:00:10,38.5396571,-121.7985830,,146,82,36.16,,336,,,,,,29,,,,,,,,,,,,,,,,1740,178,,,,,,,,,,,,,0.0,0.0,33.0,31.0,,,,,,,0.00,,,,,,,,,,,,,,,,,,,,26.471,,,,,18.2,,,,,,,,,,,,,,,,,,,,,,,,,,,,,,,,,,,,,,,,,,,
,2025-05-11T13:00:11,38.5396558,-121.7984927,,148,84,43.97,,355,,,,,,29,,,,,,,,,,,,,,,,2095,179,,,,,,,,,,,,,0.0,0.0,33.0,32.0,,,,,,,0.00,,,,,,,,,,,,,,,,,,,,28.148,,,,,18.2,,,,,,,,,,,,,,,,,,,,,,,,,,,,,,,,,,,,,,,,,,,
,2025-05-11T13:00:12,38.5396537,-121.7984000,,150,86,52.14,,236,,,,,,29,,,,,,,,,,,,,,,,2331,169,,,,,,,,,,,,,0.0,0.0,31.0,30.0,,,,,,,0.00,,,,,,,,,,,,,,,,,,,,29.390,,,,,18.0,,,,,,,,,,,,,,,,,,,,,,,,,,,,,,,,,,,,,,,,,,,
,2025-05-11T13:00:13,38.5396521,-121.7983019,,151,93,60.50,,214,,,,,,29,,,,,,,,,,,,,,,,2545,178,,,,,,,,,,,,,0.0,0.0,31.0,30.0,,,,,,,0.00,,,,,,,,,,,,,,,,,,,,30.096,,,,,18.0,,,,,,,,,,,,,,,,,,,,,,,,,,,,,,,,,,,,,,,,,,,
,2025-05-11T13:00:14,38.5396514,-121.7982039,,153,93,69.05,,236,,,,,,29,,,,,,,,,,,,,,,,2781,163,,,,,,,,,,,,,0.0,0.0,31.0,30.0,,,,,,,0.00,,,,,,,,,,,,,,,,,,,,30.769,,,,,18.0,,,,,,,,,,,,,,,,,,,,,,,,,,,,,,,,,,,,,,,,,,,
,2025-05-11T13:00:15,38.5396500,-121.7981055,,154,92,77.79,,163,,,,,,29,,,,,,,,,,,,,,,,2944,169,,,,,,,,,,,,,0.0,0.0,32.0,31.0,,,,,,,0.00,,,,,,,,,,,,,,,,,,,,31.475,,,,,18.2,,,,,,,,,,,,,,,,,,,,,,,,,,,,,,,,,,,,,,,,,,,
,2025-05-11T13:00:16,38.5396483,-121.7980032,,155,95,86.64,,146,,,,,,29,,,,,,,,,,,,,,,,3090,175,,,,,,,,,,,,,0.0,0.0,26.0,34.0,,,,,,,0.00,,,,,,,,,,,,,,,,,,,,31.878,,,,,18.2,,,,,,,,,,,,,,,,,,,,,,,,,,,,,,,,,,,,,,,,,,,
,2025-05-11T13:00:17,38.5396472,-121.7978987,,157,96,95.58,,113,,,,,,29,,,,,,,,,,,,,,,,3203,169,,,,,,,,,,,,,0.0,0.0,25.0,29.0,,,,,,,0.00,,,,,,,,,,,,,,,,,,,,32.180,,,,,18.2,,,,,,,,,,,,,,,,,,,,,,,,,,,,,,,,,,,,,,,,,,,
,2025-05-11T13:00:18,38.5396451,-121.7977947,,158,97,104.56,,107,,,,,,29,,,,,,,,,,,,,,,,3310,174,,,,,,,,,,,,,0.0,0.0,24.0,24.0,,,,,,,0.00,,,,,,,,,,,,,,,,,,,,32.314,,,,,18.2,,,,,,,,,,,,,,,,,,,,,,,,,,,,,,,,,,,,,,,,,,,
,2025-05-11T13:00:19,38.5396421,-121.7976915,,158,97,113.55,,99,,,,,,29,,,,,,,,,,,,,,,,3409,172,,,,,,,,,,,,,0.0,0.0,24.0,24.0,,,,,,,0.00,,,,,,,,,,,,,,,,,,,,32.382,,,,,18.2,,,,,,,,,,,,,,,,,,,,,,,,,,,,,,,,,,,,,,,,,,,
,2025-05-11T13:00:20,38.5396379,-121.7975886,,159,96,122.51,,82,,,,,,29,,,,,,,,,,,,,,,,3491,173,,,,,,,,,,,,,0.0,0.0,24.0,24.0,,,,,,,0.00,,,,,,,,,,,,,,,,,,,,32.245,,,,,18.2,,,,,,,,,,,,,,,,,,,,,,,,,,,,,,,,,,,,,,,,,,,
,2025-05-11T13:00:21,38.5396358,-121.7974879,,159,97,131.45,,105,,,,,,29,,,,,,,,,,,,,,,,3596,175,,,,,,,,,,,,,0.0,0.0,23.0,28.0,,,,,,,0.00,,,,,,,,,,,,,,,,,,,,32.180,,,,,18.0,,,,,,,,,,,,,,,,,,,,,,,,,,,,,,,,,,,,,,,,,,,
,2025-05-11T13:00:22,38.5396360,-121.7973860,,159,97,140.40,,121,,,,,,29,,,,,,,,,,,,,,,,3717,178,,,,,,,,,,,,,0.0,0.0,23.0,28.0,,,,,,,0.00,,,,,,,,,,,,,,,,,,,,32.180,,,,,18.0,,,,,,,,,,,,,,,,,,,,,,,,,,,,,,,,,,,,,,,,,,,
,2025-05-11T13:00:23,38.5396354,-121.7972829,,159,97,149.31,,112,,,,,,29,,,,,,,,,,,,,,,,3829,174,,,,,,,,,,,,,0.0,0.0,25.0,27.0,,,,,,,0.00,,,,,,,,,,,,,,,,,,,,32.112,,,,,18.0,,,,,,,,,,,,,,,,,,,,,,,,,,,,,,,,,,,,,,,,,,,
,2025-05-11T13:00:24,38.5396329,-121.7971800,,159,97,158.26,,139,,,,,,29,,,,,,,,,,,,,,,,3968,180,,,,,,,,,,,,,0.0,0.0,25.0,27.0,,,,,,,0.00,,,,,,,,,,,,,,,,,,,,32.213,,,,,18.0,,,,,,,,,,,,,,,,,,,,,,,,,,,,,,,,,,,,,,,,,,,
,2025-05-11T13:00:25,38.5396314,-121.7970764,,159,97,167.27,,117,,,,,,29,,,,,,,,,,,,,,,,4085,177,,,,,,,,,,,,,0.0,0.0,27.0,25.0,,,,,,,0.00,,,,,,,,,,,,,,,,,,,,32.447,,,,,18.0,,,,,,,,,,,,,,,,,,,,,,,,,,,,,,,,,,,,,,,,,,,
,2025-05-11T13:00:26,38.5396293,-121.7969714,,160,98,176.31,,149,,,,,,29,,,,,,,,,,,,,,,,4234,178,,,,,,,,,,,,,0.0,0.0,27.0,25.0,,,,,,,0.00,,,,,,,,,,,,,,,,,,,,32.548,,,,,18.0,,,,,,,,,,,,,,,,,,,,,,,,,,,,,,,,,,,,,,,,,,,
,2025-05-11T13:00:27,38.5396269,-121.7968676,,159,98,185.29,,113,,,,,,29,,,,,,,,,,,,,,,,4347,174,,,,,,,,,,,,,0.0,0.0,27.0,25.0,,,,,,,0.00,,,,,,,,,,,,,,,,,,,,32.314,,,,,18.0,,,,,,,,,,,,,,,,,,,,,,,,,,,,,,,,,,,,,,,,,,,
,2025-05-11T13:00:28,38.5396252,-121.7967628,,159,97,194.25,,109,,,,,,29,,,,,,,,,,,,,,,,4456,171,,,,,,,,,,,,,0.0,0.0,22.0,28.0,,,,,,,0.00,,,,,,,,,,,,,,,,,,,,32.281,,,,,18.0,,,,,,,,,,,,,,,,,,,,,,,,,,,,,,,,,,,,,,,,,,,
,2025-05-11T13:00:29,38.5396226,-121.7966589,,159,97,203.19,,114,,,,,,29,,,,,,,,,,,,,,,,4570,176,,,,,,,,,,,,,0.0,0.0,23.0,25.0,,,,,,,0.00,,,,,,,,,,,,,,,,,,,,32.180,,,,,18.0,,,,,,,,,,,,,,,,,,,,,,,,,,,,,,,,,,,,,,,,,,,
,2025-05-11T13:00:30,38.5396194,-121.7965580,,159,97,212.15,,111,,,,,,29,,,,,,,,,,,,,,,,4681,173,,,,,,,,,,,,,0.0,0.0,27.0,30.0,,,,,,,0.00,,,,,,,,,,,,,,,,,,,,32.245,,,,,17.8,,,,,,,,,,,,,,,,,,,,,,,,,,,,,,,,,,,,,,,,,,,
,2025-05-11T13:00:31,38.5396161,-121.7964568,,158,97,221.05,,116,,,,,,29,,,,,,,,,,,,,,,,4797,171,,,,,,,,,,,,,0.0,0.0,26.0,29.0,,,,,,,0.00,,,,,,,,,,,,,,,,,,,,32.044,,,,,18.0,,,,,,,,,,,,,,,,,,,,,,,,,,,,,,,,,,,,,,,,,,,
,2025-05-11T13:00:32,38.5396128,-121.7963541,,159,96,229.92,,118,,,,,,29,,,,,,,,,,,,,,,,4915,184,,,,,,,,,,,,,0.0,0.0,19.0,29.0,,,,,,,0.00,,,,,,,,,,,,,,,,,,,,31.910,,,,,18.0,,,,,,,,,,,,,,,,,,,,,,,,,,,,,,,,,,,,,,,,,,,
,2025-05-11T13:00:33,38.5396097,-121.7962536,,159,96,238.77,,143,,,,,,29,,,,,,,,,,,,,,,,5058,183,,,,,,,,,,,,,0.0,0.0,19.0,29.0,,,,,,,0.00,,,,,,,,,,,,,,,,,,,,31.878,,,,,18.0,,,,,,,,,,,,,,,,,,,,,,,,,,,,,,,,,,,,,,,,,,,
,2025-05-11T13:00:34,38.5396085,-121.7961506,,159,96,247.59,,124,,,,,,29,,,,,,,,,,,,,,,,5182,177,,,,,,,,,,,,,0.0,0.0,23.0,29.0,,,,,,,0.00,,,,,,,,,,,,,,,,,,,,31.745,,,,,18.0,,,,,,,,,,,,,,,,,,,,,,,,,,,,,,,,,,,,,,,,,,,
,2025-05-11T13:00:35,38.5396105,-121.7960488,,159,96,256.46,,109,,,,,,29,,,,,,,,,,,,,,,,5291,178,,,,,,,,,,,,,0.0,0.0,25.0,26.0,,,,,,,0.00,,,,,,,,,,,,,,,,,,,,31.943,,,,,18.0,,,,,,,,,,,,,,,,,,,,,,,,,,,,,,,,,,,,,,,,,,,
,2025-05-11T13:00:36,38.5396108,-121.7959489,,159,96,265.34,,124,,,,,,29,,,,,,,,,,,,,,,,5415,178,,,,,,,,,,,,,0.0,0.0,25.0,26.0,,,,,,,0.00,,,,,,,,,,,,,,,,,,,,31.943,,,,,18.2,,,,,,,,,,,,,,,,,,,,,,,,,,,,,,,,,,,,,,,,,,,
,2025-05-11T13:00:37,38.5396115,-121.7958485,,159,96,274.19,,125,,,,,,29,,,,,,,,,,,,,,,,5540,176,,,,,,,,,,,,,0.0,0.0,23.0,26.0,,,,,,,0.00,,,,,,,,,,,,,,,,,,,,31.878,,,,,18.2,,,,,,,,,,,,,,,,,,,,,,,,,,,,,,,,,,,,,,,,,,,
,2025-05-11T13:00:38,38.5396094,-121.7957470,,159,97,283.06,,137,,,,,,29,,,,,,,,,,,,,,,,5677,180,,,,,,,,,,,,,0.0,0.0,23.0,26.0,,,,,,,0.00,,,,,,,,,,,,,,,,,,,,31.943,,,,,18.2,,,,,,,,,,,,,,,,,,,,,,,,,,,,,,,,,,,,,,,,,,,
,2025-05-11T13:00:39,38.5396063,-121.7956437,,158,96,291.90,,129,,,,,,29,,,,,,,,,,,,,,,,5806,177,,,,,,,,,,,,,0.0,0.0,26.0,25.0,,,,,,,0.00,,,,,,,,,,,,,,,,,,,,31.777,,,,,18.2,,,,,,,,,,,,,,,,,,,,,,,,,,,,,,,,,,,,,,,,,,,
,2025-05-11T13:00:40,38.5396048,-121.7955447,,158,96,300.69,,152,,,,,,29,,,,,,,,,,,,,,,,5958,180,,,,,,,,,,,,,0.0,0.0,24.0,30.0,,,,,,,0.00,,,,,,,,,,,,,,,,,,,,31.676,,,,,18.2,,,,,,,,,,,,,,,,,,,,,,,,,,,,,,,,,,,,,,,,,,,
,2025-05-11T13:00:41,38.5396045,-121.7954450,,157,96,309.54,,223,,,,,,29,,,,,,,,,,,,,,,,6181,173,,,,,,,,,,,,,0.0,0.0,32.0,34.0,,,,,,,0.00,,,,,,,,,,,,,,,,,,,,31.878,,,,,18.0,,,,,,,,,,,,,,,,,,,,,,,,,,,,,,,,,,,,,,,,,,,
,2025-05-11T13:00:42,38.5396044,-121.7953429,,157,96,318.48,,186,,,,,,29,,,,,,,,,,,,,,,,6367,183,,,,,,,,,,,,,0.0,0.0,32.0,34.0,,,,,,,0.00,,,,,,,,,,,,,,,,,,,,32.180,,,,,18.0,,,,,,,,,,,,,,,,,,,,,,,,,,,,,,,,,,,,,,,,,,,
,2025-05-11T13:00:43,38.5396038,-121.7952383,,158,97,327.44,,157,,,,,,29,,,,,,,,,,,,,,,,6524,175,,,,,,,,,,,,,0.0,0.0,32.0,34.0,,,,,,,0.00,,,,,,,,,,,,,,,,,,,,32.245,,,,,18.0,,,,,,,,,,,,,,,,,,,,,,,,,,,,,,,,,,,,,,,,,,,
,2025-05-11T13:00:44,38.5396030,-121.7951331,,158,98,336.41,,140,,,,,,29,,,,,,,,,,,,,,,,6664,172,,,,,,,,,,,,,0.0,0.0,24.0,28.0,,,,,,,0.00,,,,,,,,,,,,,,,,,,,,32.281,,,,,18.0,,,,,,,,,,,,,,,,,,,,,,,,,,,,,,,,,,,,,,,,,,,
,2025-05-11T13:00:45,38.5396025,-121.7950296,,158,96,345.34,,114,,,,,,29,,,,,,,,,,,,,,,,6778,175,,,,,,,,,,,,,0.0,0.0,23.0,25.0,,,,,,,0.00,,,,,,,,,,,,,,,,,,,,32.144,,,,,18.0,,,,,,,,,,,,,,,,,,,,,,,,,,,,,,,,,,,,,,,,,,,
,2025-05-11T13:00:46,38.5396007,-121.7949274,,159,97,354.20,,152,,,,,,29,,,,,,,,,,,,,,,,6930,179,,,,,,,,,,,,,0.0,0.0,25.0,30.0,,,,,,,0.00,,,,,,,,,,,,,,,,,,,,31.910,,,,,18.0,,,,,,,,,,,,,,,,,,,,,,,,,,,,,,,,,,,,,,,,,,,
,2025-05-11T13:00:47,38.5395978,-121.7948257,,159,96,363.08,,162,,,,,,29,,,,,,,,,,,,,,,,7092,183,,,,,,,,,,,,,0.0,0.0,26.0,32.0,,,,,,,0.00,,,,,,,,,,,,,,,,,,,,31.979,,,,,18.0,,,,,,,,,,,,,,,,,,,,,,,,,,,,,,,,,,,,,,,,,,,
,2025-05-11T13:00:48,38.5395973,-121.7947244,,160,97,372.00,,139,,,,,,29,,,,,,,,,,,,,,,,7231,176,,,,,,,,,,,,,0.0,0.0,26.0,32.0,,,,,,,0.00,,,,,,,,,,,,,,,,,,,,32.080,,,,,18.0,,,,,,,,,,,,,,,,,,,,,,,,,,,,,,,,,,,,,,,,,,,
,2025-05-11T13:00:49,38.5395981,-121.7946210,,160,97,380.96,,145,,,,,,29,,,,,,,,,,,,,,,,7376,180,,,,,,,,,,,,,0.0,0.0,27.0,34.0,,,,,,,0.00,,,,,,,,,,,,,,,,,,,,32.245,,,,,18.0,,,,,,,,,,,,,,,,,,,,,,,,,,,,,,,,,,,,,,,,,,,
,2025-05-11T13:00:50,38.5396000,-121.7945183,,160,98,389.99,,147,,,,,,29,,,,,,,,,,,,,,,,7523,182,,,,,,,,,,,,,0.0,0.0,27.0,34.0,,,,,,,0.00,,,,,,,,,,,,,,,,,,,,32.548,,,,,18.0,,,,,,,,,,,,,,,,,,,,,,,,,,,,,,,,,,,,,,,,,,,
,2025-05-11T13:00:51,38.5395990,-121.7944152,,161,97,399.03,,122,,,,,,29,,,,,,,,,,,,,,,,7645,174,,,,,,,,,,,,,0.0,0.0,27.0,34.0,,,,,,,0.00,,,,,,,,,,,,,,,,,,,,32.515,,,,,18.0,,,,,,,,,,,,,,,,,,,,,,,,,,,,,,,,,,,,,,,,,,,
,2025-05-11T13:00:52,38.5395980,-121.7943111,,161,99,408.07,,130,,,,,,29,,,,,,,,,,,,,,,,7775,178,,,,,,,,,,,,,0.0,0.0,25.0,29.0,,,,,,,0.00,,,,,,,,,,,,,,,,,,,,32.548,,,,,18.0,,,,,,,,,,,,,,,,,,,,,,,,,,,,,,,,,,,,,,,,,,,
,2025-05-11T13:00:53,38.5395982,-121.7942069,,161,98,417.15,,136,,,,,,29,,,,,,,,,,,,,,,,7911,175,,,,,,,,,,,,,0.0,0.0,22.0,28.0,,,,,,,0.00,,,,,,,,,,,,,,,,,,,,32.717,,,,,18.0,,,,,,,,,,,,,,,,,,,,,,,,,,,,,,,,,,,,,,,,,,,
,2025-05-11T13:00:54,38.5395976,-121.7941031,,161,98,426.24,,105,,,,,,29,,,,,,,,,,,,,,,,8016,167,,,,,,,,,,,,,0.0,0.0,24.0,22.0,,,,,,,0.00,,,,,,,,,,,,,,,,,,,,32.717,,,,,18.0,,,,,,,,,,,,,,,,,,,,,,,,,,,,,,,,,,,,,,,,,,,
,2025-05-11T13:00:55,38.5395947,-121.7939969,,161,99,435.39,,118,,,,,,29,,,,,,,,,,,,,,,,8134,172,,,,,,,,,,,,,0.0,0.0,24.0,26.0,,,,,,,0.00,,,,,,,,,,,,,,,,,,,,32.918,,,,,17.8,,,,,,,,,,,,,,,,,,,,,,,,,,,,,,,,,,,,,,,,,,,
,2025-05-11T13:00:56,38.5395960,-121.7938925,,161,99,444.59,,111,,,,,,29,,,,,,,,,,,,,,,,8245,173,,,,,,,,,,,,,0.0,0.0,24.0,26.0,,,,,,,0.00,,,,,,,,,,,,,,,,,,,,33.120,,,,,17.8,,,,,,,,,,,,,,,,,,,,,,,,,,,,,,,,,,,,,,,,,,,
,2025-05-11T13:00:57,38.5395967,-121.7937859,,161,100,453.76,,117,,,,,,29,,,,,,,,,,,,,,,,8362,177,,,,,,,,,,,,,0.0,0.0,25.0,28.0,,,,,,,0.00,,,,,,,,,,,,,,,,,,,,33.019,,,,,17.8,,,,,,,,,,,,,,,,,,,,,,,,,,,,,,,,,,,,,,,,,,,
,2025-05-11T13:00:58,38.5395952,-121.7936781,,162,99,463.00,,114,,,,,,29,,,,,,,,,,,,,,,,8476,174,,,,,,,,,,,,,0.0,0.0,24.0,27.0,,,,,,,0.00,,,,,,,,,,,,,,,,,,,,33.253,,,,,17.8,,,,,,,,,,,,,,,,,,,,,,,,,,,,,,,,,,,,,,,,,,,
,2025-05-11T13:00:59,38.5395948,-121.7935729,,162,100,472.22,,122,,,,,,29,,,,,,,,,,,,,,,,8598,171,,,,,,,,,,,,,0.0,0.0,23.0,30.0,,,,,,,0.00,,,,,,,,,,,,,,,,,,,,33.152,,,,,17.8,,,,,,,,,,,,,,,,,,,,,,,,,,,,,,,,,,,,,,,,,,,
,2025-05-11T13:01:00,38.5395946,-121.7934661,,162,100,481.43,,119,,,,,,29,,,,,,,,,,,,,,,,8717,174,,,,,,,,,,,,,0.0,0.0,23.0,29.0,,,,,,,0.00,,,,,,,,,,,,,,,,,,,,33.221,,,,,17.8,,,,,,,,,,,,,,,,,,,,,,,,,,,,,,,,,,,,,,,,,,,
,2025-05-11T13:01:01,38.5395947,-121.7933592,,162,101,490.69,,134,,,,,,29,,,,,,,,,,,,,,,,8851,174,,,,,,,,,,,,,0.0,0.0,23.0,29.0,,,,,,,0.00,,,,,,,,,,,,,,,,,,,,33.322,,,,,17.8,,,,,,,,,,,,,,,,,,,,,,,,,,,,,,,,,,,,,,,,,,,
,2025-05-11T13:01:02,38.5395936,-121.7932522,,162,99,499.91,,113,,,,,,29,,,,,,,,,,,,,,,,8964,173,,,,,,,,,,,,,0.0,0.0,26.0,28.0,,,,,,,0.00,,,,,,,,,,,,,,,,,,,,33.188,,,,,17.8,,,,,,,,,,,,,,,,,,,,,,,,,,,,,,,,,,,,,,,,,,,
,2025-05-11T13:01:03,38.5395937,-121.7931464,,163,98,509.04,,124,,,,,,29,,,,,,,,,,,,,,,,9088,177,,,,,,,,,,,,,0.0,0.0,24.0,29.0,,,,,,,0.00,,,,,,,,,,,,,,,,,,,,32.886,,,,,17.8,,,,,,,,,,,,,,,,,,,,,,,,,,,,,,,,,,,,,,,,,,,
,2025-05-11T13:01:04,38.5395934,-121.7930435,,162,99,518.22,,150,,,,,,29,,,,,,,,,,,,,,,,9238,180,,,,,,,,,,,,,0.0,0.0,22.0,25.0,,,,,,,0.00,,,,,,,,,,,,,,,,,,,,33.019,,,,,18.0,,,,,,,,,,,,,,,,,,,,,,,,,,,,,,,,,,,,,,,,,,,
,2025-05-11T13:01:05,38.5395892,-121.7929425,,163,99,527.43,,136,,,,,,29,,,,,,,,,,,,,,,,9374,179,,,,,,,,,,,,,0.0,0.0,26.0,27.0,,,,,,,0.00,,,,,,,,,,,,,,,,,,,,33.152,,,,,18.0,,,,,,,,,,,,,,,,,,,,,,,,,,,,,,,,,,,,,,,,,,,
,2025-05-11T13:01:06,38.5395883,-121.7928351,,163,99,536.63,,122,,,,,,29,,,,,,,,,,,,,,,,9496,176,,,,,,,,,,,,,0.0,0.0,26.0,27.0,,,,,,,0.00,,,,,,,,,,,,,,,,,,,,33.152,,,,,18.2,,,,,,,,,,,,,,,,,,,,,,,,,,,,,,,,,,,,,,,,,,,
,2025-05-11T13:01:07,38.5395889,-121.7927289,,163,100,545.86,,119,,,,,,29,,,,,,,,,,,,,,,,9615,173,,,,,,,,,,,,,0.0,0.0,26.0,27.0,,,,,,,0.00,,,,,,,,,,,,,,,,,,,,33.221,,,,,18.4,,,,,,,,,,,,,,,,,,,,,,,,,,,,,,,,,,,,,,,,,,,
,2025-05-11T13:01:08,38.5395895,-121.7926224,,163,99,555.09,,125,,,,,,29,,,,,,,,,,,,,,,,9740,177,,,,,,,,,,,,,0.0,0.0,22.0,26.0,,,,,,,0.00,,,,,,,,,,,,,,,,,,,,33.221,,,,,18.4,,,,,,,,,,,,,,,,,,,,,,,,,,,,,,,,,,,,,,,,,,,
,2025-05-11T13:01:09,38.5395880,-121.7925178,,162,100,564.35,,120,,,,,,29,,,,,,,,,,,,,,,,9860,175,,,,,,,,,,,,,0.0,0.0,25.0,23.0,,,,,,,0.00,,,,,,,,,,,,,,,,,,,,33.322,,,,,18.4,,,,,,,,,,,,,,,,,,,,,,,,,,,,,,,,,,,,,,,,,,,
,2025-05-11T13:01:10,38.5395860,-121.7924120,,162,100,573.64,,113,,,,,,29,,,,,,,,,,,,,,,,9973,177,,,,,,,,,,,,,0.0,0.0,24.0,24.0,,,,,,,0.00,,,,,,,,,,,,,,,,,,,,33.422,,,,,18.4,,,,,,,,,,,,,,,,,,,,,,,,,,,,,,,,,,,,,,,,,,,
,2025-05-11T13:01:11,38.5395848,-121.7923049,,162,101,582.92,,115,,,,,,29,,,,,,,,,,,,,,,,10088,173,,,,,,,,,,,,,0.0,0.0,24.0,24.0,,,,,,,0.00,,,,,,,,,,,,,,,,,,,,33.455,,,,,18.4,,,,,,,,,,,,,,,,,,,,,,,,,,,,,,,,,,,,,,,,,,,
,2025-05-11T13:01:12,38.5395845,-121.7921976,,162,100,592.17,,119,,,,,,29,,,,,,,,,,,,,,,,10207,171,,,,,,,,,,,,,0.0,0.0,24.0,24.0,,,,,,,0.00,,,,,,,,,,,,,,,,,,,,33.289,,,,,18.2,,,,,,,,,,,,,,,,,,,,,,,,,,,,,,,,,,,,,,,,,,,
,2025-05-11T13:01:13,38.5395839,-121.7920917,,162,101,601.41,,134,,,,,,29,,,,,,,,,,,,,,,,10341,181,,,,,,,,,,,,,0.0,0.0,25.0,27.0,,,,,,,0.00,,,,,,,,,,,,,,,,,,,,33.253,,,,,18.2,,,,,,,,,,,,,,,,,,,,,,,,,,,,,,,,,,,,,,,,,,,
,2025-05-11T13:01:14,38.5395818,-121.7919868,,161,100,610.57,,121,,,,,,29,,,,,,,,,,,,,,,,10462,177,,,,,,,,,,,,,0.0,0.0,24.0,28.0,,,,,,,0.00,,,,,,,,,,,,,,,,,,,,32.987,,,,,18.0,,,,,,,,,,,,,,,,,,,,,,,,,,,,,,,,,,,,,,,,,,,
,2025-05-11T13:01:15,38.5395822,-121.7918811,,161,100,619.75,,123,,,,,,29,,,,,,,,,,,,,,,,10585,181,,,,,,,,,,,,,0.0,0.0,23.0,28.0,,,,,,,0.00,,,,,,,,,,,,,,,,,,,,33.052,,,,,18.0,,,,,,,,,,,,,,,,,,,,,,,,,,,,,,,,,,,,,,,,,,,
,2025-05-11T13:01:16,38.5395812,-121.7917748,,161,100,628.91,,124,,,,,,29,,,,,,,,,,,,,,,,10709,167,,,,,,,,,,,,,0.0,0.0,23.0,28.0,,,,,,,0.00,,,,,,,,,,,,,,,,,,,,32.987,,,,,18.0,,,,,,,,,,,,,,,,,,,,,,,,,,,,,,,,,,,,,,,,,,,
,2025-05-11T13:01:17,38.5395808,-121.7916699,,161,99,638.07,,124,,,,,,29,,,,,,,,,,,,,,,,10833,179,,,,,,,,,,,,,0.0,0.0,24.0,27.0,,,,,,,0.00,,,,,,,,,,,,,,,,,,,,32.951,,,,,18.0,,,,,,,,,,,,,,,,,,,,,,,,,,,,,,,,,,,,,,,,,,,
,2025-05-11T13:01:18,38.5395814,-121.7915670,,161,99,647.19,,146,,,,,,29,,,,,,,,,,,,,,,,10979,182,,,,,,,,,,,,,0.0,0.0,25.0,25.0,,,,,,,0.00,,,,,,,,,,,,,,,,,,,,32.850,,,,,17.8,,,,,,,,,,,,,,,,,,,,,,,,,,,,,,,,,,,,,,,,,,,
,2025-05-11T13:01:19,38.5395804,-121.7914640,,160,99,656.34,,155,,,,,,29,,,,,,,,,,,,,,,,11134,186,,,,,,,,,,,,,0.0,0.0,24.0,26.0,,,,,,,0.00,,,,,,,,,,,,,,,,,,,,32.918,,,,,17.8,,,,,,,,,,,,,,,,,,,,,,,,,,,,,,,,,,,,,,,,,,,
,2025-05-11T13:01:20,38.5395801,-121.7913598,,161,98,665.47,,128,,,,,,29,,,,,,,,,,,,,,,,11262,179,,,,,,,,,,,,,0.0,0.0,24.0,26.0,,,,,,,0.00,,,,,,,,,,,,,,,,,,,,32.886,,,,,17.8,,,,,,,,,,,,,,,,,,,,,,,,,,,,,,,,,,,,,,,,,,,
,2025-05-11T13:01:21,38.5395787,-121.7912574,,161,98,674.60,,126,,,,,,29,,,,,,,,,,,,,,,,11388,178,,,,,,,,,,,,,0.0,0.0,24.0,26.0,,,,,,,0.00,,,,,,,,,,,,,,,,,,,,32.850,,,,,17.8,,,,,,,,,,,,,,,,,,,,,,,,,,,,,,,,,,,,,,,,,,,
,2025-05-11T13:01:22,38.5395791,-121.7911514,,161,99,683.76,,140,,,,,,29,,,,,,,,,,,,,,,,11528,178,,,,,,,,,,,,,0.0,0.0,21.0,30.0,,,,,,,0.00,,,,,,,,,,,,,,,,,,,,32.987,,,,,17.8,,,,,,,,,,,,,,,,,,,,,,,,,,,,,,,,,,,,,,,,,,,
,2025-05-11T13:01:23,38.5395786,-121.7910459,,161,98,692.91,,109,,,,,,29,,,,,,,,,,,,,,,,11637,180,,,,,,,,,,,,,0.0,0.0,22.0,26.0,,,,,,,0.00,,,,,,,,,,,,,,,,,,,,32.951,,,,,17.6,,,,,,,,,,,,,,,,,,,,,,,,,,,,,,,,,,,,,,,,,,,
,2025-05-11T13:01:24,38.5395762,-121.7909411,,161,98,701.99,,109,,,,,,29,,,,,,,,,,,,,,,,11746,179,,,,,,,,,,,,,0.0,0.0,22.0,26.0,,,,,,,0.00,,,,,,,,,,,,,,,,,,,,32.684,,,,,17.6,,,,,,,,,,,,,,,,,,,,,,,,,,,,,,,,,,,,,,,,,,,
,2025-05-11T13:01:25,38.5395771,-121.7908373,,161,98,711.05,,91,,,,,,29,,,,,,,,,,,,,,,,11837,171,,,,,,,,,,,,,0.0,0.0,24.0,26.0,,,,,,,0.00,,,,,,,,,,,,,,,,,,,,32.584,,,,,17.6,,,,,,,,,,,,,,,,,,,,,,,,,,,,,,,,,,,,,,,,,,,
,2025-05-11T13:01:26,38.5395775,-121.7907335,,161,98,720.05,,114,,,,,,29,,,,,,,,,,,,,,,,11951,179,,,,,,,,,,,,,0.0,0.0,23.0,26.0,,,,,,,0.00,,,,,,,,,,,,,,,,,,,,32.382,,,,,17.6,,,,,,,,,,,,,,,,,,,,,,,,,,,,,,,,,,,,,,,,,,,
,2025-05-11T13:01:27,38.5395763,-121.7906291,,160,96,729.01,,124,,,,,,29,,,,,,,,,,,,,,,,12075,179,,,,,,,,,,,,,0.0,0.0,24.0,30.0,,,,,,,0.00,,,,,,,,,,,,,,,,,,,,32.281,,,,,17.6,,,,,,,,,,,,,,,,,,,,,,,,,,,,,,,,,,,,,,,,,,,
,2025-05-11T13:01:28,38.5395742,-121.7905260,,160,99,738.06,,144,,,,,,29,,,,,,,,,,,,,,,,12219,176,,,,,,,,,,,,,0.0,0.0,22.0,28.0,,,,,,,0.00,,,,,,,,,,,,,,,,,,,,32.584,,,,,17.6,,,,,,,,,,,,,,,,,,,,,,,,,,,,,,,,,,,,,,,,,,,
,2025-05-11T13:01:29,38.5395708,-121.7904234,,161,91,747.07,,132,,,,,,29,,,,,,,,,,,,,,,,12351,179,,,,,,,,,,,,,0.0,0.0,22.0,28.0,,,,,,,0.00,,,,,,,,,,,,,,,,,,,,32.414,,,,,17.6,,,,,,,,,,,,,,,,,,,,,,,,,,,,,,,,,,,,,,,,,,,
,2025-05-11T13:01:30,38.5395721,-121.7903236,,160,97,756.06,,146,,,,,,30,,,,,,,,,,,,,,,,12497,174,,,,,,,,,,,,,0.0,0.0,24.0,30.0,,,,,,,0.00,,,,,,,,,,,,,,,,,,,,32.414,,,,,17.6,,,,,,,,,,,,,,,,,,,,,,,,,,,,,,,,,,,,,,,,,,,
,2025-05-11T13:01:31,38.5395742,-121.7902215,,160,98,765.06,,131,,,,,,30,,,,,,,,,,,,,,,,12628,177,,,,,,,,,,,,,0.0,0.0,24.0,30.0,,,,,,,0.00,,,,,,,,,,,,,,,,,,,,32.382,,,,,17.6,,,,,,,,,,,,,,,,,,,,,,,,,,,,,,,,,,,,,,,,,,,
,2025-05-11T13:01:32,38.5395743,-121.7901203,,161,97,774.01,,92,,,,,,29,,,,,,,,,,,,,,,,12720,169,,,,,,,,,,,,,0.0,0.0,23.0,26.0,,,,,,,0.00,,,,,,,,,,,,,,,,,,,,32.213,,,,,17.6,,,,,,,,,,,,,,,,,,,,,,,,,,,,,,,,,,,,,,,,,,,
,2025-05-11T13:01:33,38.5395720,-121.7900200,,160,97,782.93,,111,,,,,,29,,,,,,,,,,,,,,,,12831,177,,,,,,,,,,,,,0.0,0.0,25.0,26.0,,,,,,,0.00,,,,,,,,,,,,,,,,,,,,32.112,,,,,17.6,,,,,,,,,,,,,,,,,,,,,,,,,,,,,,,,,,,,,,,,,,,
,2025-05-11T13:01:34,38.5395705,-121.7899166,,160,96,791.85,,103,,,,,,30,,,,,,,,,,,,,,,,12934,182,,,,,,,,,,,,,0.0,0.0,25.0,26.0,,,,,,,0.00,,,,,,,,,,,,,,,,,,,,32.112,,,,,17.6,,,,,,,,,,,,,,,,,,,,,,,,,,,,,,,,,,,,,,,,,,,
,2025-05-11T13:01:35,38.5395685,-121.7898158,,160,97,800.74,,109,,,,,,30,,,,,,,,,,,,,,,,13043,183,,,,,,,,,,,,,0.0,0.0,23.0,28.0,,,,,,,0.00,,,,,,,,,,,,,,,,,,,,31.979,,,,,17.6,,,,,,,,,,,,,,,,,,,,,,,,,,,,,,,,,,,,,,,,,,,
,2025-05-11T13:01:36,38.5395673,-121.7897141,,160,96,809.64,,113,,,,,,30,,,,,,,,,,,,,,,,13156,181,,,,,,,,,,,,,0.0,0.0,22.0,29.0,,,,,,,0.00,,,,,,,,,,,,,,,,,,,,32.080,,,,,17.4,,,,,,,,,,,,,,,,,,,,,,,,,,,,,,,,,,,,,,,,,,,
,2025-05-11T13:01:37,38.5395661,-121.7896130,,160,96,818.58,,114,,,,,,30,,,,,,,,,,,,,,,,13270,178,,,,,,,,,,,,,0.0,0.0,22.0,29.0,,,,,,,0.00,,,,,,,,,,,,,,,,,,,,32.180,,,,,17.4,,,,,,,,,,,,,,,,,,,,,,,,,,,,,,,,,,,,,,,,,,,
,2025-05-11T13:01:38,38.5395659,-121.7895107,,160,96,827.52,,112,,,,,,30,,,,,,,,,,,,,,,,13382,178,,,,,,,,,,,,,0.0,0.0,22.0,29.0,,,,,,,0.00,,,,,,,,,,,,,,,,,,,,32.180,,,,,17.4,,,,,,,,,,,,,,,,,,,,,,,,,,,,,,,,,,,,,,,,,,,
,2025-05-11T13:01:39,38.5395653,-121.7894082,,161,96,836.46,,106,,,,,,30,,,,,,,,,,,,,,,,13488,174,,,,,,,,,,,,,0.0,0.0,22.0,29.0,,,,,,,0.00,,,,,,,,,,,,,,,,,,,,32.180,,,,,17.2,,,,,,,,,,,,,,,,,,,,,,,,,,,,,,,,,,,,,,,,,,,
,2025-05-11T13:01:40,38.5395638,-121.7893054,,160,97,845.39,,119,,,,,,30,,,,,,,,,,,,,,,,13607,182,,,,,,,,,,,,,0.0,0.0,22.0,29.0,,,,,,,0.00,,,,,,,,,,,,,,,,,,,,32.144,,,,,17.2,,,,,,,,,,,,,,,,,,,,,,,,,,,,,,,,,,,,,,,,,,,
,2025-05-11T13:01:41,38.5395652,-121.7892023,,161,97,854.38,,120,,,,,,30,,,,,,,,,,,,,,,,13727,173,,,,,,,,,,,,,0.0,0.0,20.0,28.0,,,,,,,0.00,,,,,,,,,,,,,,,,,,,,32.382,,,,,17.2,,,,,,,,,,,,,,,,,,,,,,,,,,,,,,,,,,,,,,,,,,,
,2025-05-11T13:01:42,38.5395662,-121.7890994,,161,98,863.37,,116,,,,,,30,,,,,,,,,,,,,,,,13843,172,,,,,,,,,,,,,0.0,0.0,24.0,26.0,,,,,,,0.00,,,,,,,,,,,,,,,,,,,,32.346,,,,,17.0,,,,,,,,,,,,,,,,,,,,,,,,,,,,,,,,,,,,,,,,,,,
,2025-05-11T13:01:43,38.5395643,-121.7889964,,161,96,872.36,,105,,,,,,30,,,,,,,,,,,,,,,,13948,171,,,,,,,,,,,,,0.0,0.0,27.0,26.0,,,,,,,0.00,,,,,,,,,,,,,,,,,,,,32.382,,,,,17.0,,,,,,,,,,,,,,,,,,,,,,,,,,,,,,,,,,,,,,,,,,,
,2025-05-11T13:01:44,38.5395635,-121.7888926,,161,97,881.36,,115,,,,,,30,,,,,,,,,,,,,,,,14063,179,,,,,,,,,,,,,0.0,0.0,27.0,26.0,,,,,,,0.00,,,,,,,,,,,,,,,,,,,,32.382,,,,,17.0,,,,,,,,,,,,,,,,,,,,,,,,,,,,,,,,,,,,,,,,,,,
,2025-05-11T13:01:45,38.5395631,-121.7887906,,161,96,890.36,,100,,,,,,30,,,,,,,,,,,,,,,,14163,175,,,,,,,,,,,,,0.0,0.0,23.0,27.0,,,,,,,0.00,,,,,,,,,,,,,,,,,,,,32.382,,,,,17.0,,,,,,,,,,,,,,,,,,,,,,,,,,,,,,,,,,,,,,,,,,,
,2025-05-11T13:01:46,38.5395629,-121.7886878,,160,97,899.32,,97,,,,,,30,,,,,,,,,,,,,,,,14260,169,,,,,,,,,,,,,0.0,0.0,22.0,21.0,,,,,,,0.00,,,,,,,,,,,,,,,,,,,,32.281,,,,,16.8,,,,,,,,,,,,,,,,,,,,,,,,,,,,,,,,,,,,,,,,,,,
,2025-05-11T13:01:47,38.5395626,-121.7885873,,160,72,908.17,,66,,,,,,30,,,,,,,,,,,,,,,,14326,right,,,,,,,,,,,,,0.0,0.0,28.0,25.0,,,,,,,0.00,,,,,,,,,,,,,,,,,,,,31.878,,,,,16.8,,,,,,,,,,,,,,,,,,,,,,,,,,,,,,,,,,,,,,,,,,,
,2025-05-11T13:01:48,38.5395618,-121.7884859,,160,94,916.86,,149,,,,,,30,,,,,,,,,,,,,,,,14475,179,,,,,,,,,,,,,0.0,0.0,18.0,31.0,,,,,,,0.00,,,,,,,,,,,,,,,,,,,,31.273,,,,,16.8,,,,,,,,,,,,,,,,,,,,,,,,,,,,,,,,,,,,,,,,,,,
,2025-05-11T13:01:49,38.5395617,-121.7883881,,159,93,925.51,,76,,,,,,30,,,,,,,,,,,,,,,,14551,162,,,,,,,,,,,,,0.0,0.0,18.0,31.0,,,,,,,0.00,,,,,,,,,,,,,,,,,,,,31.140,,,,,16.8,,,,,,,,,,,,,,,,,,,,,,,,,,,,,,,,,,,,,,,,,,,
,2025-05-11T13:01:50,38.5395607,-121.7882902,,158,92,934.02,,71,,,,,,30,,,,,,,,,,,,,,,,14622,175,,,,,,,,,,,,,0.0,0.0,23.0,15.0,,,,,,,0.00,,,,,,,,,,,,,,,,,,,,30.636,,,,,16.8,,,,,,,,,,,,,,,,,,,,,,,,,,,,,,,,,,,,,,,,,,,
,2025-05-11T13:01:51,38.5395591,-121.7881928,,158,92,942.45,,104,,,,,,30,,,,,,,,,,,,,,,,14726,174,,,,,,,,,,,,,0.0,0.0,23.0,15.0,,,,,,,0.00,,,,,,,,,,,,,,,,,,,,30.366,,,,,16.8,,,,,,,,,,,,,,,,,,,,,,,,,,,,,,,,,,,,,,,,,,,
,2025-05-11T13:01:52,38.5395574,-121.7880964,,158,91,950.86,,107,,,,,,30,,,,,,,,,,,,,,,,14833,178,,,,,,,,,,,,,0.0,0.0,23.0,15.0,,,,,,,0.00,,,,,,,,,,,,,,,,,,,,30.265,,,,,16.8,,,,,,,,,,,,,,,,,,,,,,,,,,,,,,,,,,,,,,,,,,,
,2025-05-11T13:01:53,38.5395549,-121.7880022,,157,91,959.30,,139,,,,,,30,,,,,,,,,,,,,,,,14972,180,,,,,,,,,,,,,0.0,0.0,23.0,28.0,,,,,,,0.00,,,,,,,,,,,,,,,,,,,,30.366,,,,,17.0,,,,,,,,,,,,,,,,,,,,,,,,,,,,,,,,,,,,,,,,,,,
,2025-05-11T13:01:54,38.5395535,-121.7879056,,157,91,967.73,,141,,,,,,30,,,,,,,,,,,,,,,,15113,166,,,,,,,,,,,,,0.0,0.0,25.0,30.0,,,,,,,0.00,,,,,,,,,,,,,,,,,,,,30.366,,,,,17.0,,,,,,,,,,,,,,,,,,,,,,,,,,,,,,,,,,,,,,,,,,,
,2025-05-11T13:01:55,38.5395545,-121.7878089,,157,91,976.21,,145,,,,,,30,,,,,,,,,,,,,,,,15258,182,,,,,,,,,,,,,0.0,0.0,25.0,29.0,,,,,,,0.00,,,,,,,,,,,,,,,,,,,,30.499,,,,,17.0,,,,,,,,,,,,,,,,,,,,,,,,,,,,,,,,,,,,,,,,,,,
,2025-05-11T13:01:56,38.5395573,-121.7877115,,157,91,984.68,,171,,,,,,30,,,,,,,,,,,,,,,,15429,184,,,,,,,,,,,,,0.0,0.0,25.0,30.0,,,,,,,0.00,,,,,,,,,,,,,,,,,,,,30.499,,,,,17.0,,,,,,,,,,,,,,,,,,,,,,,,,,,,,,,,,,,,,,,,,,,
,2025-05-11T13:01:57,38.5395587,-121.7876134,,156,91,993.18,,153,,,,,,30,,,,,,,,,,,,,,,,15582,188,,,,,,,,,,,,,0.0,0.0,25.0,30.0,,,,,,,0.00,,,,,,,,,,,,,,,,,,,,30.600,,,,,17.0,,,,,,,,,,,,,,,,,,,,,,,,,,,,,,,,,,,,,,,,,,,
,2025-05-11T13:01:58,38.5395579,-121.7875147,,157,91,1001.67,,140,,,,,,30,,,,,,,,,,,,,,,,15722,182,,,,,,,,,,,,,0.0,0.0,25.0,30.0,,,,,,,0.00,,,,,,,,,,,,,,,,,,,,30.535,,,,,17.0,,,,,,,,,,,,,,,,,,,,,,,,,,,,,,,,,,,,,,,,,,,
,2025-05-11T13:01:59,38.5395572,-121.7874172,,156,92,1010.14,,147,,,,,,30,,,,,,,,,,,,,,,,15869,187,,,,,,,,,,,,,0.0,0.0,23.0,30.0,,,,,,,0.00,,,,,,,,,,,,,,,,,,,,30.499,,,,,17.0,,,,,,,,,,,,,,,,,,,,,,,,,,,,,,,,,,,,,,,,,,,
,2025-05-11T13:02:00,38.5395561,-121.7873204,,157,92,1018.64,,171,,,,,,30,,,,,,,,,,,,,,,,16040,187,,,,,,,,,,,,,0.0,0.0,24.0,32.0,,,,,,,0.00,,,,,,,,,,,,,,,,,,,,30.636,,,,,17.0,,,,,,,,,,,,,,,,,,,,,,,,,,,,,,,,,,,,,,,,,,,
,2025-05-11T13:02:01,38.5395558,-121.7872260,,157,92,1027.15,,133,,,,,,30,,,,,,,,,,,,,,,,16173,181,,,,,,,,,,,,,0.0,0.0,24.0,32.0,,,,,,,0.00,,,,,,,,,,,,,,,,,,,,30.636,,,,,17.0,,,,,,,,,,,,,,,,,,,,,,,,,,,,,,,,,,,,,,,,,,,
,2025-05-11T13:02:02,38.5395553,-121.7871316,,157,91,1035.65,,153,,,,,,30,,,,,,,,,,,,,,,,16326,185,,,,,,,,,,,,,0.0,0.0,24.0,32.0,,,,,,,0.00,,,,,,,,,,,,,,,,,,,,30.568,,,,,17.0,,,,,,,,,,,,,,,,,,,,,,,,,,,,,,,,,,,,,,,,,,,
,2025-05-11T13:02:03,38.5395536,-121.7870343,,157,91,1044.16,,150,,,,,,30,,,,,,,,,,,,,,,,16476,181,,,,,,,,,,,,,0.0,0.0,25.0,26.0,,,,,,,0.00,,,,,,,,,,,,,,,,,,,,30.668,,,,,17.0,,,,,,,,,,,,,,,,,,,,,,,,,,,,,,,,,,,,,,,,,,,
,2025-05-11T13:02:04,38.5395543,-121.7869365,,157,92,1052.72,,142,,,,,,30,,,,,,,,,,,,,,,,16618,181,,,,,,,,,,,,,0.0,0.0,24.0,26.0,,,,,,,0.00,,,,,,,,,,,,,,,,,,,,30.838,,,,,17.0,,,,,,,,,,,,,,,,,,,,,,,,,,,,,,,,,,,,,,,,,,,
,2025-05-11T13:02:05,38.5395540,-121.7868373,,157,93,1061.32,,121,,,,,,30,,,,,,,,,,,,,,,,16739,174,,,,,,,,,,,,,0.0,0.0,28.0,32.0,,,,,,,0.00,,,,,,,,,,,,,,,,,,,,30.938,,,,,17.0,,,,,,,,,,,,,,,,,,,,,,,,,,,,,,,,,,,,,,,,,,,
,2025-05-11T13:02:06,38.5395506,-121.7867392,,157,93,1069.96,,136,,,,,,30,,,,,,,,,,,,,,,,16875,183,,,,,,,,,,,,,0.0,0.0,25.0,31.0,,,,,,,0.00,,,,,,,,,,,,,,,,,,,,31.104,,,,,17.0,,,,,,,,,,,,,,,,,,,,,,,,,,,,,,,,,,,,,,,,,,,
,2025-05-11T13:02:07,38.5395486,-121.7866404,,158,92,1078.58,,142,,,,,,30,,,,,,,,,,,,,,,,17017,182,,,,,,,,,,,,,0.0,0.0,25.0,31.0,,,,,,,0.00,,,,,,,,,,,,,,,,,,,,31.039,,,,,17.0,,,,,,,,,,,,,,,,,,,,,,,,,,,,,,,,,,,,,,,,,,,
,2025-05-11T13:02:08,38.5395491,-121.7865435,,158,94,1087.20,,145,,,,,,30,,,,,,,,,,,,,,,,17162,175,,,,,,,,,,,,,0.0,0.0,25.0,31.0,,,,,,,0.00,,,,,,,,,,,,,,,,,,,,31.039,,,,,17.0,,,,,,,,,,,,,,,,,,,,,,,,,,,,,,,,,,,,,,,,,,,
,2025-05-11T13:02:09,38.5395492,-121.7864433,,158,93,1095.81,,120,,,,,,30,,,,,,,,,,,,,,,,17282,177,,,,,,,,,,,,,0.0,0.0,25.0,25.0,,,,,,,0.00,,,,,,,,,,,,,,,,,,,,30.971,,,,,16.8,,,,,,,,,,,,,,,,,,,,,,,,,,,,,,,,,,,,,,,,,,,
,2025-05-11T13:02:10,38.5395482,-121.7863451,,159,93,1104.42,,151,,,,,,30,,,,,,,,,,,,,,,,17433,184,,,,,,,,,,,,,0.0,0.0,23.0,31.0,,,,,,,0.00,,,,,,,,,,,,,,,,,,,,31.003,,,,,16.8,,,,,,,,,,,,,,,,,,,,,,,,,,,,,,,,,,,,,,,,,,,
,2025-05-11T13:02:11,38.5395488,-121.7862461,,159,93,1113.04,,162,,,,,,30,,,,,,,,,,,,,,,,17595,187,,,,,,,,,,,,,0.0,0.0,26.0,30.0,,,,,,,0.00,,,,,,,,,,,,,,,,,,,,31.003,,,,,16.6,,,,,,,,,,,,,,,,,,,,,,,,,,,,,,,,,,,,,,,,,,,
,2025-05-11T13:02:12,38.5395480,-121.7861475,,159,94,1121.66,,140,,,,,,30,,,,,,,,,,,,,,,,17735,181,,,,,,,,,,,,,0.0,0.0,26.0,30.0,,,,,,,0.00,,,,,,,,,,,,,,,,,,,,31.072,,,,,16.6,,,,,,,,,,,,,,,,,,,,,,,,,,,,,,,,,,,,,,,,,,,
,2025-05-11T13:02:13,38.5395478,-121.7860497,,159,93,1130.35,,129,,,,,,30,,,,,,,,,,,,,,,,17864,176,,,,,,,,,,,,,0.0,0.0,22.0,29.0,,,,,,,0.00,,,,,,,,,,,,,,,,,,,,31.241,,,,,16.4,,,,,,,,,,,,,,,,,,,,,,,,,,,,,,,,,,,,,,,,,,,
,2025-05-11T13:02:14,38.5395438,-121.7859526,,159,93,1138.94,,138,,,,,,30,,,,,,,,,,,,,,,,18002,177,,,,,,,,,,,,,0.0,0.0,25.0,32.0,,,,,,,0.00,,,,,,,,,,,,,,,,,,,,30.971,,,,,16.4,,,,,,,,,,,,,,,,,,,,,,,,,,,,,,,,,,,,,,,,,,,
,2025-05-11T13:02:15,38.5395403,-121.7858530,,160,93,1147.54,,145,,,,,,30,,,,,,,,,,,,,,,,18147,178,,,,,,,,,,,,,0.0,0.0,28.0,28.0,,,,,,,0.00,,,,,,,,,,,,,,,,,,,,30.971,,,,,16.4,,,,,,,,,,,,,,,,,,,,,,,,,,,,,,,,,,,,,,,,,,,
,2025-05-11T13:02:16,38.5395406,-121.7857528,,160,93,1156.13,,145,,,,,,30,,,,,,,,,,,,,,,,18292,181,,,,,,,,,,,,,0.0,0.0,24.0,31.0,,,,,,,0.00,,,,,,,,,,,,,,,,,,,,30.902,,,,,16.4,,,,,,,,,,,,,,,,,,,,,,,,,,,,,,,,,,,,,,,,,,,
,2025-05-11T13:02:17,38.5395437,-121.7856535,,160,93,1164.79,,164,,,,,,30,,,,,,,,,,,,,,,,18456,179,,,,,,,,,,,,,0.0,0.0,24.0,31.0,,,,,,,0.00,,,,,,,,,,,,,,,,,,,,31.172,,,,,16.6,,,,,,,,,,,,,,,,,,,,,,,,,,,,,,,,,,,,,,,,,,,
,2025-05-11T13:02:18,38.5395470,-121.7855549,,159,93,1173.55,,148,,,,,,30,,,,,,,,,,,,,,,,18604,177,,,,,,,,,,,,,0.0,0.0,30.0,31.0,,,,,,,0.00,,,,,,,,,,,,,,,,,,,,31.507,,,,,16.6,,,,,,,,,,,,,,,,,,,,,,,,,,,,,,,,,,,,,,,,,,,
,2025-05-11T13:02:19,38.5395467,-121.7854556,,159,94,1182.30,,104,,,,,,30,,,,,,,,,,,,,,,,18708,172,,,,,,,,,,,,,0.0,0.0,28.0,26.0,,,,,,,0.00,,,,,,,,,,,,,,,,,,,,31.507,,,,,16.6,,,,,,,,,,,,,,,,,,,,,,,,,,,,,,,,,,,,,,,,,,,
,2025-05-11T13:02:20,38.5395433,-121.7853552,,159,93,1191.01,,103,,,,,,30,,,,,,,,,,,,,,,,18811,176,,,,,,,,,,,,,0.0,0.0,23.0,24.0,,,,,,,0.00,,,,,,,,,,,,,,,,,,,,31.374,,,,,16.6,,,,,,,,,,,,,,,,,,,,,,,,,,,,,,,,,,,,,,,,,,,
,2025-05-11T13:02:21,38.5395398,-121.7852583,,159,94,1199.65,,125,,,,,,30,,,,,,,,,,,,,,,,18936,178,,,,,,,,,,,,,0.0,0.0,23.0,24.0,,,,,,,0.00,,,,,,,,,,,,,,,,,,,,31.104,,,,,16.4,,,,,,,,,,,,,,,,,,,,,,,,,,,,,,,,,,,,,,,,,,,
,2025-05-11T13:02:22,38.5395380,-121.7851598,,160,93,1208.27,,131,,,,,,30,,,,,,,,,,,,,,,,19067,181,,,,,,,,,,,,,0.0,0.0,23.0,24.0,,,,,,,0.00,,,,,,,,,,,,,,,,,,,,31.039,,,,,16.4,,,,,,,,,,,,,,,,,,,,,,,,,,,,,,,,,,,,,,,,,,,
,2025-05-11T13:02:23,38.5395372,-121.7850641,,160,92,1216.80,,130,,,,,,30,,,,,,,,,,,,,,,,19197,176,,,,,,,,,,,,,0.0,0.0,27.0,23.0,,,,,,,0.00,,,,,,,,,,,,,,,,,,,,30.737,,,,,16.4,,,,,,,,,,,,,,,,,,,,,,,,,,,,,,,,,,,,,,,,,,,
,2025-05-11T13:02:24,38.5395370,-121.7849694,,160,92,1225.36,,143,,,,,,30,,,,,,,,,,,,,,,,19340,179,,,,,,,,,,,,,0.0,0.0,23.0,27.0,,,,,,,0.00,,,,,,,,,,,,,,,,,,,,30.802,,,,,16.6,,,,,,,,,,,,,,,,,,,,,,,,,,,,,,,,,,,,,,,,,,,
,2025-05-11T13:02:25,38.5395369,-121.7848700,,160,92,1233.89,,143,,,,,,30,,,,,,,,,,,,,,,,19483,179,,,,,,,,,,,,,0.0,0.0,23.0,27.0,,,,,,,0.00,,,,,,,,,,,,,,,,,,,,30.701,,,,,16.6,,,,,,,,,,,,,,,,,,,,,,,,,,,,,,,,,,,,,,,,,,,
,2025-05-11T13:02:26,38.5395394,-121.7847728,,160,92,1242.42,,134,,,,,,30,,,,,,,,,,,,,,,,19617,177,,,,,,,,,,,,,0.0,0.0,29.0,28.0,,,,,,,0.00,,,,,,,,,,,,,,,,,,,,30.701,,,,,16.8,,,,,,,,,,,,,,,,,,,,,,,,,,,,,,,,,,,,,,,,,,,
,2025-05-11T13:02:27,38.5395374,-121.7846761,,160,91,1250.87,,159,,,,,,30,,,,,,,,,,,,,,,,19776,184,,,,,,,,,,,,,0.0,0.0,25.0,29.0,,,,,,,0.00,,,,,,,,,,,,,,,,,,,,30.398,,,,,16.8,,,,,,,,,,,,,,,,,,,,,,,,,,,,,,,,,,,,,,,,,,,
,2025-05-11T13:02:28,38.5395361,-121.7845805,,161,91,1259.30,,167,,,,,,30,,,,,,,,,,,,,,,,19943,180,,,,,,,,,,,,,0.0,0.0,26.0,30.0,,,,,,,0.00,,,,,,,,,,,,,,,,,,,,30.366,,,,,17.0,,,,,,,,,,,,,,,,,,,,,,,,,,,,,,,,,,,,,,,,,,,
,2025-05-11T13:02:29,38.5395324,-121.7844837,,161,91,1267.75,,171,,,,,,30,,,,,,,,,,,,,,,,19943,180,,,,,,,,,,,,,0.0,0.0,29.0,32.0,,,,,,,0.00,,,,,,,,,,,,,,,,,,,,30.398,,,,,17.0,,,,,,,,,,,,,,,,,,,,,,,,,,,,,,,,,,,,,,,,,,,
,2025-05-11T13:02:30,38.5395268,-121.7843879,,161,91,1276.24,,171,,,,,,30,,,,,,,,,,,,,,,,20285,183,,,,,,,,,,,,,0.0,0.0,29.0,32.0,,,,,,,0.00,,,,,,,,,,,,,,,,,,,,30.568,,,,,17.2,,,,,,,,,,,,,,,,,,,,,,,,,,,,,,,,,,,,,,,,,,,
,2025-05-11T13:02:31,38.5395227,-121.7842912,,161,92,1284.78,,171,,,,,,30,,,,,,,,,,,,,,,,20456,179,,,,,,,,,,,,,0.0,0.0,27.0,28.0,,,,,,,0.00,,,,,,,,,,,,,,,,,,,,30.737,,,,,17.4,,,,,,,,,,,,,,,,,,,,,,,,,,,,,,,,,,,,,,,,,,,
,2025-05-11T13:02:32,38.5395216,-121.7841927,,161,92,1293.33,,159,,,,,,30,,,,,,,,,,,,,,,,20615,184,,,,,,,,,,,,,0.0,0.0,25.0,28.0,,,,,,,0.00,,,,,,,,,,,,,,,,,,,,30.802,,,,,17.4,,,,,,,,,,,,,,,,,,,,,,,,,,,,,,,,,,,,,,,,,,,
,2025-05-11T13:02:33,38.5395185,-121.7840941,,161,92,1301.87,,157,,,,,,30,,,,,,,,,,,,,,,,20772,178,,,,,,,,,,,,,0.0,0.0,28.0,24.0,,,,,,,0.00,,,,,,,,,,,,,,,,,,,,30.737,,,,,17.4,,,,,,,,,,,,,,,,,,,,,,,,,,,,,,,,,,,,,,,,,,,
,2025-05-11T13:02:34,38.5395185,-121.7839949,,162,91,1310.37,,124,,,,,,30,,,,,,,,,,,,,,,,20896,175,,,,,,,,,,,,,0.0,0.0,26.0,34.0,,,,,,,0.00,,,,,,,,,,,,,,,,,,,,30.636,,,,,17.4,,,,,,,,,,,,,,,,,,,,,,,,,,,,,,,,,,,,,,,,,,,
,2025-05-11T13:02:35,38.5395184,-121.7838991,,162,92,1318.87,,161,,,,,,30,,,,,,,,,,,,,,,,21057,183,,,,,,,,,,,,,0.0,0.0,26.0,34.0,,,,,,,0.00,,,,,,,,,,,,,,,,,,,,30.600,,,,,17.4,,,,,,,,,,,,,,,,,,,,,,,,,,,,,,,,,,,,,,,,,,,
,2025-05-11T13:02:36,38.5395181,-121.7838006,,162,92,1327.41,,146,,,,,,30,,,,,,,,,,,,,,,,21203,178,,,,,,,,,,,,,0.0,0.0,31.0,30.0,,,,,,,0.00,,,,,,,,,,,,,,,,,,,,30.737,,,,,17.4,,,,,,,,,,,,,,,,,,,,,,,,,,,,,,,,,,,,,,,,,,,
,2025-05-11T13:02:37,38.5395148,-121.7837028,,162,92,1336.00,,132,,,,,,30,,,,,,,,,,,,,,,,21335,175,,,,,,,,,,,,,0.0,0.0,25.0,30.0,,,,,,,0.00,,,,,,,,,,,,,,,,,,,,30.938,,,,,17.4,,,,,,,,,,,,,,,,,,,,,,,,,,,,,,,,,,,,,,,,,,,
,2025-05-11T13:02:38,38.5395078,-121.7836046,,163,93,1344.58,,124,,,,,,30,,,,,,,,,,,,,,,,21459,173,,,,,,,,,,,,,0.0,0.0,25.0,30.0,,,,,,,0.00,,,,,,,,,,,,,,,,,,,,30.870,,,,,17.2,,,,,,,,,,,,,,,,,,,,,,,,,,,,,,,,,,,,,,,,,,,
,2025-05-11T13:02:39,38.5395039,-121.7835064,,162,93,1353.16,,127,,,,,,30,,,,,,,,,,,,,,,,21586,179,,,,,,,,,,,,,0.0,0.0,25.0,28.0,,,,,,,0.00,,,,,,,,,,,,,,,,,,,,30.902,,,,,17.0,,,,,,,,,,,,,,,,,,,,,,,,,,,,,,,,,,,,,,,,,,,
,2025-05-11T13:02:40,38.5395048,-121.7834069,,163,93,1361.79,,114,,,,,,30,,,,,,,,,,,,,,,,21700,170,,,,,,,,,,,,,0.0,0.0,25.0,28.0,,,,,,,0.00,,,,,,,,,,,,,,,,,,,,31.039,,,,,17.0,,,,,,,,,,,,,,,,,,,,,,,,,,,,,,,,,,,,,,,,,,,
,2025-05-11T13:02:41,38.5395050,-121.7833097,,162,93,1370.37,,87,,,,,,30,,,,,,,,,,,,,,,,21787,175,,,,,,,,,,,,,0.0,0.0,24.0,26.0,,,,,,,0.00,,,,,,,,,,,,,,,,,,,,30.902,,,,,17.0,,,,,,,,,,,,,,,,,,,,,,,,,,,,,,,,,,,,,,,,,,,
,2025-05-11T13:02:42,38.5395025,-121.7832121,,162,92,1378.91,,97,,,,,,30,,,,,,,,,,,,,,,,21884,179,,,,,,,,,,,,,0.0,0.0,22.0,24.0,,,,,,,0.00,,,,,,,,,,,,,,,,,,,,30.701,,,,,16.8,,,,,,,,,,,,,,,,,,,,,,,,,,,,,,,,,,,,,,,,,,,
,2025-05-11T13:02:43,38.5395004,-121.7831165,,162,91,1387.43,,108,,,,,,30,,,,,,,,,,,,,,,,21992,180,,,,,,,,,,,,,0.0,0.0,22.0,29.0,,,,,,,0.00,,,,,,,,,,,,,,,,,,,,30.701,,,,,16.8,,,,,,,,,,,,,,,,,,,,,,,,,,,,,,,,,,,,,,,,,,,
,2025-05-11T13:02:44,38.5395009,-121.7830192,,162,92,1395.94,,108,,,,,,30,,,,,,,,,,,,,,,,22100,179,,,,,,,,,,,,,0.0,0.0,22.0,25.0,,,,,,,0.00,,,,,,,,,,,,,,,,,,,,30.668,,,,,16.8,,,,,,,,,,,,,,,,,,,,,,,,,,,,,,,,,,,,,,,,,,,
,2025-05-11T13:02:45,38.5394990,-121.7829231,,161,91,1404.47,,109,,,,,,30,,,,,,,,,,,,,,,,22209,184,,,,,,,,,,,,,0.0,0.0,22.0,25.0,,,,,,,0.00,,,,,,,,,,,,,,,,,,,,30.701,,,,,16.8,,,,,,,,,,,,,,,,,,,,,,,,,,,,,,,,,,,,,,,,,,,
,2025-05-11T13:02:46,38.5394948,-121.7828268,,161,91,1413.00,,107,,,,,,30,,,,,,,,,,,,,,,,22316,179,,,,,,,,,,,,,0.0,0.0,21.0,27.0,,,,,,,0.00,,,,,,,,,,,,,,,,,,,,30.701,,,,,16.6,,,,,,,,,,,,,,,,,,,,,,,,,,,,,,,,,,,,,,,,,,,
,2025-05-11T13:02:47,38.5394919,-121.7827309,,160,91,1421.51,,157,,,,,,30,,,,,,,,,,,,,,,,22473,184,,,,,,,,,,,,,0.0,0.0,26.0,31.0,,,,,,,0.00,,,,,,,,,,,,,,,,,,,,30.636,,,,,16.6,,,,,,,,,,,,,,,,,,,,,,,,,,,,,,,,,,,,,,,,,,,
,2025-05-11T13:02:48,38.5394932,-121.7826333,,160,91,1430.05,,166,,,,,,30,,,,,,,,,,,,,,,,22639,184,,,,,,,,,,,,,0.0,0.0,25.0,32.0,,,,,,,0.00,,,,,,,,,,,,,,,,,,,,30.701,,,,,16.6,,,,,,,,,,,,,,,,,,,,,,,,,,,,,,,,,,,,,,,,,,,
,2025-05-11T13:02:49,38.5394941,-121.7825355,,160,91,1438.56,,144,,,,,,30,,,,,,,,,,,,,,,,22783,171,,,,,,,,,,,,,0.0,0.0,27.0,28.0,,,,,,,0.00,,,,,,,,,,,,,,,,,,,,30.668,,,,,16.6,,,,,,,,,,,,,,,,,,,,,,,,,,,,,,,,,,,,,,,,,,,
,2025-05-11T13:02:50,38.5394923,-121.7824393,,160,90,1447.09,,183,,,,,,30,,,,,,,,,,,,,,,,22966,184,,,,,,,,,,,,,0.0,0.0,27.0,28.0,,,,,,,0.00,,,,,,,,,,,,,,,,,,,,30.668,,,,,16.6,,,,,,,,,,,,,,,,,,,,,,,,,,,,,,,,,,,,,,,,,,,
,2025-05-11T13:02:51,38.5394900,-121.7823398,,160,92,1455.62,,187,,,,,,30,,,,,,,,,,,,,,,,23153,174,,,,,,,,,,,,,0.0,0.0,29.0,27.0,,,,,,,0.00,,,,,,,,,,,,,,,,,,,,30.769,,,,,16.6,,,,,,,,,,,,,,,,,,,,,,,,,,,,,,,,,,,,,,,,,,,
,2025-05-11T13:02:52,38.5394870,-121.7822447,,159,91,1464.23,,116,,,,,,30,,,,,,,,,,,,,,,,23269,173,,,,,,,,,,,,,0.0,0.0,29.0,27.0,,,,,,,0.00,,,,,,,,,,,,,,,,,,,,30.938,,,,,16.6,,,,,,,,,,,,,,,,,,,,,,,,,,,,,,,,,,,,,,,,,,,
,2025-05-11T13:02:53,38.5394834,-121.7821501,,160,91,1472.74,,124,,,,,,30,,,,,,,,,,,,,,,,23393,182,,,,,,,,,,,,,0.0,0.0,29.0,27.0,,,,,,,0.00,,,,,,,,,,,,,,,,,,,,30.668,,,,,16.6,,,,,,,,,,,,,,,,,,,,,,,,,,,,,,,,,,,,,,,,,,,
,2025-05-11T13:02:54,38.5394793,-121.7820549,,160,91,1481.24,,129,,,,,,30,,,,,,,,,,,,,,,,23522,176,,,,,,,,,,,,,0.0,0.0,24.0,28.0,,,,,,,0.00,,,,,,,,,,,,,,,,,,,,30.600,,,,,16.6,,,,,,,,,,,,,,,,,,,,,,,,,,,,,,,,,,,,,,,,,,,
,2025-05-11T13:02:55,38.5394772,-121.7819573,,160,91,1489.73,,122,,,,,,30,,,,,,,,,,,,,,,,23644,176,,,,,,,,,,,,,0.0,0.0,24.0,30.0,,,,,,,0.00,,,,,,,,,,,,,,,,,,,,30.568,,,,,16.6,,,,,,,,,,,,,,,,,,,,,,,,,,,,,,,,,,,,,,,,,,,
,2025-05-11T13:02:56,38.5394755,-121.7818603,,160,92,1498.25,,141,,,,,,30,,,,,,,,,,,,,,,,23785,180,,,,,,,,,,,,,0.0,0.0,25.0,30.0,,,,,,,0.00,,,,,,,,,,,,,,,,,,,,30.668,,,,,16.6,,,,,,,,,,,,,,,,,,,,,,,,,,,,,,,,,,,,,,,,,,,
,2025-05-11T13:02:57,38.5394746,-121.7817621,,160,91,1506.78,,112,,,,,,30,,,,,,,,,,,,,,,,23897,178,,,,,,,,,,,,,0.0,0.0,23.0,31.0,,,,,,,0.00,,,,,,,,,,,,,,,,,,,,30.701,,,,,16.4,,,,,,,,,,,,,,,,,,,,,,,,,,,,,,,,,,,,,,,,,,,
,2025-05-11T13:02:58,38.5394740,-121.7816655,,160,91,1515.22,,120,,,,,,30,,,,,,,,,,,,,,,,24017,182,,,,,,,,,,,,,0.0,0.0,23.0,31.0,,,,,,,0.00,,,,,,,,,,,,,,,,,,,,30.398,,,,,16.4,,,,,,,,,,,,,,,,,,,,,,,,,,,,,,,,,,,,,,,,,,,
,2025-05-11T13:02:59,38.5394685,-121.7815719,,160,91,1523.67,,127,,,,,,30,,,,,,,,,,,,,,,,24144,183,,,,,,,,,,,,,0.0,0.0,24.0,26.0,,,,,,,0.00,,,,,,,,,,,,,,,,,,,,30.398,,,,,16.4,,,,,,,,,,,,,,,,,,,,,,,,,,,,,,,,,,,,,,,,,,,
,2025-05-11T13:03:00,38.5394668,-121.7814758,,160,90,1532.08,,121,,,,,,30,,,,,,,,,,,,,,,,24265,181,,,,,,,,,,,,,0.0,0.0,22.0,28.0,,,,,,,0.00,,,,,,,,,,,,,,,,,,,,30.298,,,,,16.4,,,,,,,,,,,,,,,,,,,,,,,,,,,,,,,,,,,,,,,,,,,
,2025-05-11T13:03:01,38.5394653,-121.7813774,,160,90,1540.51,,153,,,,,,30,,,,,,,,,,,,,,,,24418,181,,,,,,,,,,,,,0.0,0.0,25.0,29.0,,,,,,,0.00,,,,,,,,,,,,,,,,,,,,30.366,,,,,16.4,,,,,,,,,,,,,,,,,,,,,,,,,,,,,,,,,,,,,,,,,,,
,2025-05-11T13:03:02,38.5394637,-121.7812810,,160,91,1549.01,,293,,,,,,30,,,,,,,,,,,,,,,,24711,189,,,,,,,,,,,,,0.0,0.0,26.0,36.0,,,,,,,0.00,,,,,,,,,,,,,,,,,,,,30.600,,,,,16.4,,,,,,,,,,,,,,,,,,,,,,,,,,,,,,,,,,,,,,,,,,,
,2025-05-11T13:03:03,38.5394615,-121.7811833,,160,92,1557.61,,187,,,,,,30,,,,,,,,,,,,,,,,24898,184,,,,,,,,,,,,,0.0,0.0,26.0,36.0,,,,,,,0.00,,,,,,,,,,,,,,,,,,,,30.938,,,,,16.2,,,,,,,,,,,,,,,,,,,,,,,,,,,,,,,,,,,,,,,,,,,
,2025-05-11T13:03:04,38.5394614,-121.7810852,,160,91,1566.25,,148,,,,,,30,,,,,,,,,,,,,,,,25046,172,,,,,,,,,,,,,0.0,0.0,26.0,29.0,,,,,,,0.00,,,,,,,,,,,,,,,,,,,,31.104,,,,,16.2,,,,,,,,,,,,,,,,,,,,,,,,,,,,,,,,,,,,,,,,,,,
,2025-05-11T13:03:05,38.5394608,-121.7809875,,161,93,1574.85,,151,,,,,,30,,,,,,,,,,,,,,,,25197,178,,,,,,,,,,,,,0.0,0.0,29.0,27.0,,,,,,,0.00,,,,,,,,,,,,,,,,,,,,30.971,,,,,16.2,,,,,,,,,,,,,,,,,,,,,,,,,,,,,,,,,,,,,,,,,,,
,2025-05-11T13:03:06,38.5394607,-121.7808917,,161,92,1583.41,,130,,,,,,30,,,,,,,,,,,,,,,,25327,178,,,,,,,,,,,,,0.0,0.0,26.0,30.0,,,,,,,0.00,,,,,,,,,,,,,,,,,,,,30.802,,,,,16.2,,,,,,,,,,,,,,,,,,,,,,,,,,,,,,,,,,,,,,,,,,,
,2025-05-11T13:03:07,38.5394590,-121.7807924,,161,92,1591.92,,133,,,,,,30,,,,,,,,,,,,,,,,25460,182,,,,,,,,,,,,,0.0,0.0,25.0,31.0,,,,,,,0.00,,,,,,,,,,,,,,,,,,,,30.636,,,,,16.4,,,,,,,,,,,,,,,,,,,,,,,,,,,,,,,,,,,,,,,,,,,
,2025-05-11T13:03:08,38.5394585,-121.7806940,,160,91,1600.48,,168,,,,,,30,,,,,,,,,,,,,,,,25628,192,,,,,,,,,,,,,0.0,0.0,25.0,31.0,,,,,,,0.00,,,,,,,,,,,,,,,,,,,,30.802,,,,,16.4,,,,,,,,,,,,,,,,,,,,,,,,,,,,,,,,,,,,,,,,,,,
,2025-05-11T13:03:09,38.5394572,-121.7805952,,161,92,1609.03,,153,,,,,,30,,,,,,,,,,,,,,,,25781,180,,,,,,,,,,,,,0.0,0.0,25.0,31.0,,,,,,,0.00,,,,,,,,,,,,,,,,,,,,30.802,,,,,16.6,,,,,,,,,,,,,,,,,,,,,,,,,,,,,,,,,,,,,,,,,,,
,2025-05-11T13:03:10,38.5394553,-121.7804993,,160,92,1617.59,,165,,,,,,30,,,,,,,,,,,,,,,,25946,184,,,,,,,,,,,,,0.0,0.0,25.0,29.0,,,,,,,0.00,,,,,,,,,,,,,,,,,,,,30.802,,,,,16.6,,,,,,,,,,,,,,,,,,,,,,,,,,,,,,,,,,,,,,,,,,,
,2025-05-11T13:03:11,38.5394542,-121.7804063,,160,92,1626.15,,185,,,,,,30,,,,,,,,,,,,,,,,26131,182,,,,,,,,,,,,,0.0,0.0,28.0,26.0,,,,,,,0.00,,,,,,,,,,,,,,,,,,,,30.838,,,,,16.6,,,,,,,,,,,,,,,,,,,,,,,,,,,,,,,,,,,,,,,,,,,
,2025-05-11T13:03:12,38.5394514,-121.7803120,,161,92,1634.82,,204,,,,,,30,,,,,,,,,,,,,,,,26335,184,,,,,,,,,,,,,0.0,0.0,28.0,31.0,,,,,,,0.00,,,,,,,,,,,,,,,,,,,,31.205,,,,,16.8,,,,,,,,,,,,,,,,,,,,,,,,,,,,,,,,,,,,,,,,,,,
,2025-05-11T13:03:13,38.5394501,-121.7802123,,161,93,1643.51,,156,,,,,,30,,,,,,,,,,,,,,,,26491,185,,,,,,,,,,,,,0.0,0.0,28.0,31.0,,,,,,,0.00,,,,,,,,,,,,,,,,,,,,31.241,,,,,16.8,,,,,,,,,,,,,,,,,,,,,,,,,,,,,,,,,,,,,,,,,,,
,2025-05-11T13:03:14,38.5394475,-121.7801135,,161,93,1652.17,,142,,,,,,30,,,,,,,,,,,,,,,,26633,185,,,,,,,,,,,,,0.0,0.0,27.0,28.0,,,,,,,0.00,,,,,,,,,,,,,,,,,,,,31.205,,,,,17.0,,,,,,,,,,,,,,,,,,,,,,,,,,,,,,,,,,,,,,,,,,,
,2025-05-11T13:03:15,38.5394436,-121.7800132,,161,93,1660.82,,102,,,,,,30,,,,,,,,,,,,,,,,26735,176,,,,,,,,,,,,,0.0,0.0,22.0,26.0,,,,,,,0.00,,,,,,,,,,,,,,,,,,,,31.140,,,,,17.0,,,,,,,,,,,,,,,,,,,,,,,,,,,,,,,,,,,,,,,,,,,
,2025-05-11T13:03:16,38.5394402,-121.7799147,,161,93,1669.42,,112,,,,,,30,,,,,,,,,,,,,,,,26847,176,,,,,,,,,,,,,0.0,0.0,25.0,29.0,,,,,,,0.00,,,,,,,,,,,,,,,,,,,,30.971,,,,,17.0,,,,,,,,,,,,,,,,,,,,,,,,,,,,,,,,,,,,,,,,,,,
,2025-05-11T13:03:17,38.5394350,-121.7798192,,161,92,1677.93,,69,,,,,,29,,,,,,,,,,,,,,,,26916,171,,,,,,,,,,,,,0.0,0.0,24.0,31.0,,,,,,,0.00,,,,,,,,,,,,,,,,,,,,30.636,,,,,17.2,,,,,,,,,,,,,,,,,,,,,,,,,,,,,,,,,,,,,,,,,,,
,2025-05-11T13:03:18,38.5394298,-121.7797258,,160,92,1686.29,,0,,,,,,29,,,,,,,,,,,,,,,,26916,171,,,,,,,,,,,,,0.0,0.0,24.0,31.0,,,,,,,0.00,,,,,,,,,,,,,,,,,,,,30.096,,,,,17.2,,,,,,,,,,,,,,,,,,,,,,,,,,,,,,,,,,,,,,,,,,,
,2025-05-11T13:03:19,38.5394294,-121.7796337,,160,92,1694.48,,0,,,,,,29,,,,,,,,,,,,,,,,26916,171,,,,,,,,,,,,,0.0,0.0,24.0,31.0,,,,,,,0.00,,,,,,,,,,,,,,,,,,,,29.491,,,,,17.4,,,,,,,,,,,,,,,,,,,,,,,,,,,,,,,,,,,,,,,,,,,
,2025-05-11T13:03:20,38.5394284,-121.7795381,,159,0,1702.44,,0,,,,,,29,,,,,,,,,,,,,,,,26916,,,,,,,,,,,,,,,,,,,,,,,,0.00,,,,,,,,,,,,,,,,,,,,28.652,,,,,17.4,,,,,,,,,,,,,,,,,,,,,,,,,,,,,,,,,,,,,,,,,,,
,2025-05-11T13:03:21,38.5394278,-121.7794574,,158,0,1709.29,,0,,,,,,29,,,,,,,,,,,,,,,,26916,,,,,,,,,,,,,,,,,,,,,,,,0.00,,,,,,,,,,,,,,,,,,,,24.656,,,,,17.6,,,,,,,,,,,,,,,,,,,,,,,,,,,,,,,,,,,,,,,,,,,
,2025-05-11T13:03:22,38.5394270,-121.7793941,,156,0,1715.00,,0,,,,,,29,,,,,,,,,,,,,,,,26916,,,,,,,,,,,,,,,,,,,,,,,,0.00,,,,,,,,,,,,,,,,,,,,20.556,,,,,17.6,,,,,,,,,,,,,,,,,,,,,,,,,,,,,,,,,,,,,,,,,,,
,2025-05-11T13:03:23,38.5394231,-121.7793557,,154,0,1719.54,,0,,,,,,29,,,,,,,,,,,,,,,,26916,,,,,,,,,,,,,,,,,,,,,,,,0.00,,,,,,,,,,,,,,,,,,,,16.358,,,,,17.8,,,,,,,,,,,,,,,,,,,,,,,,,,,,,,,,,,,,,,,,,,,
,2025-05-11T13:03:24,38.5394206,-121.7793349,,153,0,1722.57,,0,,,,,,29,,,,,,,,,,,,,,,,26916,,,,,,,,,,,,,,,,,,,,,,,,0.00,,,,,,,,,,,,,,,,,,,,10.883,,,,,17.8,,,,,,,,,,,,,,,,,,,,,,,,,,,,,,,,,,,,,,,,,,,
,2025-05-11T13:03:25,38.5394258,-121.7793343,,152,0,1725.59,,0,,,,,,29,,,,,,,,,,,,,,,,26916,,,,,,,,,,,,,,,,,,,,,,,,0.00,,,,,,,,,,,,,,,,,,,,10.883,,,,,17.8,,,,,,,,,,,,,,,,,,,,,,,,,,,,,,,,,,,,,,,,,,,
